ece,nlpd,acc
0.21037857234477997,2.2471907,0.5172
