ece,nlpd,acc
0.26108652353286743,3.7030442,0.3313
