ece,nlpd,acc
0.19882844388484955,2.5678124,0.4832
