ece,nlpd,acc
0.04230567067861557,0.31021467,0.9349
