ece,nlpd,acc
0.06863149255514145,1.3240236,0.7388
