ece,nlpd,acc
0.24521896243095398,2.4995613,0.4579
