ece,nlpd,acc
0.06966087222099304,1.5202807,0.7191
