ece,nlpd,acc
0.31721851229667664,2.93248,0.3671
