ece,nlpd,acc
0.24680478870868683,1.723445,0.7121
