ece,nlpd,acc
0.3236275017261505,1.8113735,0.7152
