ece,nlpd,acc
0.2245248556137085,0.83917356,0.851
