ece,nlpd,acc
0.012797955423593521,0.2579167,0.9299
