ece,nlpd,acc
0.011435417458415031,0.205955,0.9439
