ece,nlpd,acc
0.23516421020030975,1.6192166,0.7345
