ece,nlpd,acc
0.029536228626966476,0.30062035,0.9299
