ece,nlpd,acc
0.08418634533882141,0.3468553,0.9158
