ece,nlpd,acc
0.16002720594406128,0.9166127,0.7432
