ece,nlpd,acc
0.14941181242465973,1.8153452,0.6761
