ece,nlpd,acc
0.19980861246585846,2.5099308,0.5829
