ece,nlpd,acc
0.18176263570785522,1.4837741,0.6194
