ece,nlpd,acc
0.015324102714657784,0.24258095,0.9322
