ece,nlpd,acc
0.09556887298822403,1.485788,0.7325
