ece,nlpd,acc
0.3046041429042816,0.92085564,0.8507
