ece,nlpd,acc
0.09368310868740082,0.6219084,0.8207
