ece,nlpd,acc
0.05552380159497261,0.3677362,0.9153
