ece,nlpd,acc
0.04174685850739479,0.28023967,0.944
