ece,nlpd,acc
0.15133622288703918,1.5925912,0.6468
