ece,nlpd,acc
0.2204163670539856,2.5251808,0.5824
