ece,nlpd,acc
0.012817252427339554,0.24499117,0.9347
