ece,nlpd,acc
0.13924333453178406,0.8434779,0.7645
