ece,nlpd,acc
0.044771309942007065,0.30558223,0.9322
