ece,nlpd,acc
0.15697011351585388,1.5482973,0.7354
