ece,nlpd,acc
0.11085175722837448,1.8055211,0.6762
