ece,nlpd,acc
0.04670114070177078,0.32477334,0.9124
