ece,nlpd,acc
0.11678166687488556,0.98427147,0.731
