ece,nlpd,acc
0.02404220774769783,0.39413652,0.914
