ece,nlpd,acc
0.24740834534168243,1.6448414,0.732
