ece,nlpd,acc
0.15413519740104675,1.548251,0.7205
