ece,nlpd,acc
0.32187801599502563,4.8358126,0.1956
