ece,nlpd,acc
0.0330231599509716,0.36875752,0.9138
