ece,nlpd,acc
0.05664706975221634,1.3483539,0.7382
