ece,nlpd,acc
0.3230995237827301,2.4978368,0.4066
